Método,Partículas,Tempo/Rodada (s),Tempo Total (8x) (s),NSE Médio,Melhor NSE
Escalar (Legado),50,250.69640371424975,2005.571229713998,0.7278443574905396,0.7278443574905396
Matricial CPU,2000,13.149681998125743,105.19745598500594,0.7278455421328545,0.7278455495834351
Matricial GPU,2000,75.80891394162495,606.4713115329996,0.7278444766998291,0.7278444766998291
